Article Id,Title,Author,Cited By ,1992,1993,1994,1995,1996,1997,1998,1999,2000,2001,2002,2003,2004,2005,2006,2007,2008,2009,2010,2011,2012,2013,2014,2015,2016,2017,2018,2019,2020,2021,2022,2023,Status,Abstract,arXiv Id,Text,Topic
9201027,Explicit Solution to the N-Body Calogero Problem,"L. Brink, T.H. Hansson, M.A. Vasiliev",271,0,10,22,14,25,10,15,8,10,13,11,11,10,5,8,4,8,5,8,4,5,4,3,4,3,5,10,6,5,5,1,6,Enduring,"Coset constructions in the framework of Chern-Simons topological gauge
theories are studied. Two examples are considered: models of the types
${U(1)_p\times U(1)_q\over U(1)_{p+q}}\cong U(1)_{pq(p+q)}$ with $p$ and $q$
coprime integers, and ${SU(2)_m\times SU(2)_1\over SU(2)_{m+1}}$. In the latter
case it is shown that the Chern-Simons wave functionals can be identified with
t he characters of the minimal unitary models, and an explicit representation
of the knot (Verlinde) operators acting on the space of $c<1$ characters is
obtained.",hep-th/9201027,"Explicit Solution to the N-Body Calogero Problem Coset constructions in the framework of Chern-Simons topological gauge
theories are studied. Two examples are considered: models of the types
${U(1)_p\times U(1)_q\over U(1)_{p+q}}\cong U(1)_{pq(p+q)}$ with $p$ and $q$
coprime integers, and ${SU(2)_m\times SU(2)_1\over SU(2)_{m+1}}$. In the latter
case it is shown that the Chern-Simons wave functionals can be identified with
t he characters of the minimal unitary models, and an explicit representation
of the knot (Verlinde) operators acting on the space of $c<1$ characters is
obtained.","Topic 5: coupling, virasoro, realisation, sigma, renormalization"
9201041,G/G Models and W_N strings,"O. Aharony, J. Sonnenschein, S. Yankielowicz",36,0,12,6,2,4,3,0,2,1,0,0,0,0,0,0,1,1,0,0,0,0,0,0,1,0,0,0,0,0,0,0,0,Forgotten,"Given two conformal field theories related to each other by a marginal
perturbation, and string field theories constructed around such backgrounds, we
show how to construct explicit redefinition of string fields which relate these
two string field theories. The analysis is carried out completely for quadratic
and cubic terms in the action. Although a general proof of existence of field
redefinitions which relate higher point vertices is not given, specific
examples are discussed. Equivalence of string field theories formulated around
two conformal field theories which are not close to each other, but are related
to each other by a series of marginal deformations, is also discussed. The
analysis can also be applied to study the equivalence of different formulation
of string field theories around the same background.",hep-th/9201041,"G/G Models and W_N strings Given two conformal field theories related to each other by a marginal
perturbation, and string field theories constructed around such backgrounds, we
show how to construct explicit redefinition of string fields which relate these
two string field theories. The analysis is carried out completely for quadratic
and cubic terms in the action. Although a general proof of existence of field
redefinitions which relate higher point vertices is not given, specific
examples are discussed. Equivalence of string field theories formulated around
two conformal field theories which are not close to each other, but are related
to each other by a series of marginal deformations, is also discussed. The
analysis can also be applied to study the equivalence of different formulation
of string field theories around the same background.","Topic 8: spin, potential, around, related, temperature"
9202003,General Solution of the Consistency Equation,"M. Dubois-Violette, M. Henneaux, M. Talon, CM. Viallet",105,0,4,7,6,11,6,7,6,9,5,3,3,2,4,2,0,2,2,2,1,1,1,1,1,2,1,3,0,0,1,0,0,Enduring,"Global-symmetry violating higher-dimension operators, expected to be induced
by Planck-scale physics, in general drastically alter the properties of the
axion field associated with the Peccei-Quinn solution to the strong-CP problem,
and render this solution unnatural. The particle physics and cosmology
associated with other global symmetries can also be significantly changed.",hep-th/9202003,"General Solution of the Consistency Equation Global-symmetry violating higher-dimension operators, expected to be induced
by Planck-scale physics, in general drastically alter the properties of the
axion field associated with the Peccei-Quinn solution to the strong-CP problem,
and render this solution unnatural. The particle physics and cosmology
associated with other global symmetries can also be significantly changed.","Topic 7: physic, modular, meromorphic, combination, central"
9202022,"Non-relativistic Fermions, Coadjoint Orbits of \winf\ and String Field Theory at c=1","Avinash Dhar, Gautam Mandal, Spenta R. Wadia",102,1,6,10,6,3,1,0,2,6,3,2,0,6,7,7,5,0,0,0,2,1,2,1,2,1,2,4,4,6,3,3,0,Enduring,"New results from the new variables/loop representation program of
nonperturbative quantum gravity are presented, with a focus on results of
Ashtekar, Rovelli and the author which greatly clarify the physical
interpretation of the quantum states in the loop representation. These include:
1) The construction of a class of states which approximate smooth metrics for
length measurements on scales, $L$, to order $l_{Planck}/L$. 2) The discovery
that any such state must have discrete structure at the Planck length. 3) The
construction of operators for the area of arbitrary surfaces and volumes of
arbitrary regions and the discovery that these operators are finite. 4) The
diagonalization of these operators and the demonstration that the spectra are
discrete, so that in quantum gravity areas and volumes are quantized in Planck
units. 5) The construction of finite diffeomorphism invariant operators that
measure geometrical quantities such as the volume of the universe and the areas
of minimal surfaces. These results are made possible by the use of new
techniques for the regularization of operator products that respect
diffeomorphism invariance. Several new results in the classical theory are also
reviewed including the solution of the hamiltonian and diffeomorphism
constraints in closed form of Capovilla, Dell and Jacobson and a new form of
the action that induces Chern-Simon theory on the boundaries of spacetime. A
new classical discretization of the Einstein equations is also presented.",hep-th/9202022,"Non-relativistic Fermions, Coadjoint Orbits of \winf\ and String Field Theory at c=1 New results from the new variables/loop representation program of
nonperturbative quantum gravity are presented, with a focus on results of
Ashtekar, Rovelli and the author which greatly clarify the physical
interpretation of the quantum states in the loop representation. These include:
1) The construction of a class of states which approximate smooth metrics for
length measurements on scales, $L$, to order $l_{Planck}/L$. 2) The discovery
that any such state must have discrete structure at the Planck length. 3) The
construction of operators for the area of arbitrary surfaces and volumes of
arbitrary regions and the discovery that these operators are finite. 4) The
diagonalization of these operators and the demonstration that the spectra are
discrete, so that in quantum gravity areas and volumes are quantized in Planck
units. 5) The construction of finite diffeomorphism invariant operators that
measure geometrical quantities such as the volume of the universe and the areas
of minimal surfaces. These results are made possible by the use of new
techniques for the regularization of operator products that respect
diffeomorphism invariance. Several new results in the classical theory are also
reviewed including the solution of the hamiltonian and diffeomorphism
constraints in closed form of Capovilla, Dell and Jacobson and a new form of
the action that induces Chern-Simon theory on the boundaries of spacetime. A
new classical discretization of the Einstein equations is also presented.","Topic 2: derivative, vertex, operator, modulus, mirror"
9202030,"W-Algebras, New Rational Models and Completeness of the c = 1 Classification",Michael Flohr,42,2,6,6,3,9,2,1,0,0,0,2,2,0,1,0,1,1,0,0,0,0,2,1,0,0,1,0,0,0,0,0,0,Forgotten,"We discuss Stochastic Quantization of $d$=3 dimensional non-Abelian
Chern-Simons theory. We demonstrate that the introduction of an appropriate
regulator in the Langevin equation yields a well-defined equilibrium limit,
thus leading to the correct propagator. We also analyze the connection between
$d$=3 Chern-Simons and $d$=4 Topological Yang-Mills theories showing the
equivalence between the corresponding regularized partition functions. We study
the construction of topological invariants and the introduction of a
non-trivial kernel as an alternative regularization.",hep-th/9202030,"W-Algebras, New Rational Models and Completeness of the c = 1 Classification We discuss Stochastic Quantization of $d$=3 dimensional non-Abelian
Chern-Simons theory. We demonstrate that the introduction of an appropriate
regulator in the Langevin equation yields a well-defined equilibrium limit,
thus leading to the correct propagator. We also analyze the connection between
$d$=3 Chern-Simons and $d$=4 Topological Yang-Mills theories showing the
equivalence between the corresponding regularized partition functions. We study
the construction of topological invariants and the introduction of a
non-trivial kernel as an alternative regularization.","Topic 0: gribov, ambiguity, topological, lead, analyze"
9202078,A BRST Operator for non-critical W-Strings,"M. Bershadsky, W. Lerche, D. Nemeschansky, N.P. Warner",65,1,10,12,18,5,2,0,0,0,0,1,0,1,3,2,1,1,2,0,0,0,0,0,0,0,0,0,1,1,1,0,0,Forgotten,"We propose a new space-time interpretation for c=1 matrix model with
potential $V(x)=-x^{2}/2-\m^{2}/2x^{2}$. It is argued that this particular
potential corresponds to a black hole background. Some related issues are
discussed.",hep-th/9202078,"A BRST Operator for non-critical W-Strings We propose a new space-time interpretation for c=1 matrix model with
potential $V(x)=-x^{2}/2-\m^{2}/2x^{2}$. It is argued that this particular
potential corresponds to a black hole background. Some related issues are
discussed.","Topic 8: spin, potential, around, related, temperature"
9203024,Naked and Thunderbolt Singularities in Black Hole Evaporation,"S.W.Hawking, J.M.Stewart",80,3,12,11,6,4,1,0,1,0,0,3,0,2,1,1,0,1,0,2,6,2,2,1,3,0,1,1,0,1,0,5,3,Forgotten,"We discuss new realisations of $W$ algebras in which the currents are
expressed in terms of two arbitrary commuting energy-momentum tensors together
with a set of free scalar fields. This contrasts with the previously-known
realisations, which involve only one energy-momentum tensor. Since realisations
of non-linear algebras are not easy to come by, the fact that this new class
exists is of intrinsic interest. We use these new realisations to build the
corresponding $W$-string theories and show that they are effectively described
by two independent ordinary Virasoro-like strings.",hep-th/9203024,"Naked and Thunderbolt Singularities in Black Hole Evaporation We discuss new realisations of $W$ algebras in which the currents are
expressed in terms of two arbitrary commuting energy-momentum tensors together
with a set of free scalar fields. This contrasts with the previously-known
realisations, which involve only one energy-momentum tensor. Since realisations
of non-linear algebras are not easy to come by, the fact that this new class
exists is of intrinsic interest. We use these new realisations to build the
corresponding $W$-string theories and show that they are effectively described
by two independent ordinary Virasoro-like strings.","Topic 5: coupling, virasoro, realisation, sigma, renormalization"
9203081,"Large-N Reduction, Master Field and Loop Equations in Kazakov-Migdal Model",Yu.Makeenko,30,3,13,3,5,2,2,0,1,0,0,0,0,0,0,0,0,0,0,0,0,0,0,0,0,0,0,0,1,0,0,0,0,Forgotten,"The properties of Dirac gamma matrices in a four-dimensional space-time with
the $(2,2)$ signature are studied. The basic spinors are classified, and the
existence of Majorana-Weyl spinors is noted. Supersymmetry in $2 + 2$
dimensions is discussed, and the existence of the {\it real chiral} scalar
supermultiplet is discovered. Supersymmetric {\it self-dual} Yang-Mills
theories and {\it self-dual} supergravity model in $2 + 2$ dimensions, that are
apparently relevant to integrable systems, are formulated for the first time.",hep-th/9203081,"Large-N Reduction, Master Field and Loop Equations in Kazakov-Migdal Model The properties of Dirac gamma matrices in a four-dimensional space-time with
the $(2,2)$ signature are studied. The basic spinors are classified, and the
existence of Majorana-Weyl spinors is noted. Supersymmetry in $2 + 2$
dimensions is discussed, and the existence of the {\it real chiral} scalar
supermultiplet is discovered. Supersymmetric {\it self-dual} Yang-Mills
theories and {\it self-dual} supergravity model in $2 + 2$ dimensions, that are
apparently relevant to integrable systems, are formulated for the first time.","Topic 4: dimension, open, ghost, gauged, spinors"
9204030,Electric-Magnetic Duality and Supersymmetry in Stringy Black Holes,Tomás Ortín,76,1,9,10,12,11,7,2,1,2,0,1,1,1,3,0,1,4,0,0,1,0,3,1,1,0,0,0,0,0,2,1,1,Enduring,"We study one-loop, moduli-dependent corrections to gauge and gravitational
couplings in supersymmetric vacua of the heterotic string. By exploiting their
relation to the integrability condition for the associated CP-odd couplings, we
derive general expressions for them, both for $(2,2)$ and $(2,0)$ models, in
terms of tree level four-point functions in the internal $N=2$ superconformal
theory. The $(2,2)$ case, in particular symmetric orbifolds, is discussed in
detail.",hep-th/9204030,"Electric-Magnetic Duality and Supersymmetry in Stringy Black Holes We study one-loop, moduli-dependent corrections to gauge and gravitational
couplings in supersymmetric vacua of the heterotic string. By exploiting their
relation to the integrability condition for the associated CP-odd couplings, we
derive general expressions for them, both for $(2,2)$ and $(2,0)$ models, in
terms of tree level four-point functions in the internal $N=2$ superconformal
theory. The $(2,2)$ case, in particular symmetric orbifolds, is discussed in
detail.","Topic 5: coupling, virasoro, realisation, sigma, renormalization"
9204055,Perturbative analysis of an n-Ising model on a random surface,"Shinobu Hikami, Edouard Brézin",29,0,8,12,4,1,1,0,0,1,0,0,1,0,0,0,0,0,0,0,0,0,0,0,0,0,0,0,0,0,0,0,0,Forgotten,"Parametrized field theories, which are generally covariant versions of
ordinary field theories, are studied from the point of view of the covariant
phase space: the space of solutions of the field equations equipped with a
canonical (pre)symplectic structure. Motivated by issues arising in general
relativity, we focus on: phase space representations of the spacetime
diffeomorphism group, construction of observables, and the relationship between
the canonical and covariant phase spaces.",hep-th/9204055,"Perturbative analysis of an n-Ising model on a random surface Parametrized field theories, which are generally covariant versions of
ordinary field theories, are studied from the point of view of the covariant
phase space: the space of solutions of the field equations equipped with a
canonical (pre)symplectic structure. Motivated by issues arising in general
relativity, we focus on: phase space representations of the spacetime
diffeomorphism group, construction of observables, and the relationship between
the canonical and covariant phase spaces.","Topic 1: potential, phase, motion, find, liouville"
9204070,A Derivation of the BRST Operator for Non-Critical W-Strings,"E. Bergshoeff, A. Sevrin, X. Shen",47,1,6,14,10,2,0,1,0,0,0,0,0,2,1,3,0,2,3,1,0,0,0,0,0,0,0,0,0,0,0,0,0,Forgotten,"We describe the most general treatment of all anomalies both for chiral and
massless Dirac fermions, in two-dimensional gravity. It is shown that for this
purpose two regularization dependent parameters are present in the effective
action. Analogy to the \sc\ model is displayed corresponding to a specific
choice of the second parameter, thus showing that the gravitational model
contains \a\ relations having no analogy in the \sc\ model.",hep-th/9204070,"A Derivation of the BRST Operator for Non-Critical W-Strings We describe the most general treatment of all anomalies both for chiral and
massless Dirac fermions, in two-dimensional gravity. It is shown that for this
purpose two regularization dependent parameters are present in the effective
action. Analogy to the \sc\ model is displayed corresponding to a specific
choice of the second parameter, thus showing that the gravitational model
contains \a\ relations having no analogy in the \sc\ model.","Topic 9: analogy, polynomial, matrix, hole, black"
9205041,Discrete States in the W3 String,"C.N. Pope, E. Sezgin, K.S. Stelle, X.J. Wang",35,1,14,12,4,1,0,0,0,0,0,0,0,0,0,0,0,1,1,0,0,0,0,0,1,0,0,0,0,0,0,0,0,Forgotten,"We consider Calabi-Yau compactifications with one K\""ahler modulus. Following
the method of Candelas et al. we use the mirror hypothesis to solve the quantum
theory exactly in dependence of this modulus by performing the calculation for
the corresponding complex structure deformation on the mirror manifold. Here
the information is accessible by techniques of classical geometry. It is
encoded in the Picard-Fuchs differential equation which has to be supplemented
by requirements on the global properties of its solutions.",hep-th/9205041,"Discrete States in the W3 String We consider Calabi-Yau compactifications with one K\""ahler modulus. Following
the method of Candelas et al. we use the mirror hypothesis to solve the quantum
theory exactly in dependence of this modulus by performing the calculation for
the corresponding complex structure deformation on the mirror manifold. Here
the information is accessible by techniques of classical geometry. It is
encoded in the Picard-Fuchs differential equation which has to be supplemented
by requirements on the global properties of its solutions.","Topic 2: derivative, vertex, operator, modulus, mirror"
9205072,W-symmetry in Conformal Field Theory,"P. Bouwknegt, K. Schoutens",756,2,30,51,63,41,24,16,12,12,15,15,15,11,6,9,19,10,16,11,19,24,39,19,33,28,25,23,39,23,26,22,25,Enduring,"Modular invariant conformal field theories with just one primary field and
central charge $c=24$ are considered. It has been shown previously that if the
chiral algebra of such a theory contains spin-1 currents, it is either the
Leech lattice CFT, or it contains a Kac-Moody sub-algebra with total central
charge 24. In this paper all meromorphic modular invariant combinations of the
allowed Kac-Moody combinations are obtained. The result suggests the existence
of 71 meromorphic $c=24$ theories, including the 41 that were already known.",hep-th/9205072,"W-symmetry in Conformal Field Theory Modular invariant conformal field theories with just one primary field and
central charge $c=24$ are considered. It has been shown previously that if the
chiral algebra of such a theory contains spin-1 currents, it is either the
Leech lattice CFT, or it contains a Kac-Moody sub-algebra with total central
charge 24. In this paper all meromorphic modular invariant combinations of the
allowed Kac-Moody combinations are obtained. The result suggests the existence
of 71 meromorphic $c=24$ theories, including the 41 that were already known.","Topic 7: physic, modular, meromorphic, combination, central"
9206013,Symmetry structure of special geometries,"B. de Wit, F. Vanderseypen, A. Van Proeyen",282,0,0,2,8,10,8,8,6,3,8,1,6,11,8,17,10,13,5,16,17,15,14,12,15,5,8,8,4,7,4,6,6,Enduring,"We describe the quasitriangular structure (universal $R$-matrix) on the
non-standard quantum group $U_q(H_1,H_2,X^\pm)$ associated to the
Alexander-Conway matrix solution of the Yang-Baxter equation. We show that this
Hopf algebra is connected with the super-Hopf algebra $U_qgl(1|1)$ by a general
process of superization.",hep-th/9206013,"Symmetry structure of special geometries We describe the quasitriangular structure (universal $R$-matrix) on the
non-standard quantum group $U_q(H_1,H_2,X^\pm)$ associated to the
Alexander-Conway matrix solution of the Yang-Baxter equation. We show that this
Hopf algebra is connected with the super-Hopf algebra $U_qgl(1|1)$ by a general
process of superization.","Topic 3: point, higgs, connected, quasitriangular, hopf"
9206028,Ward Identities in Two-Dimensional String Theory,Igor R. Klebanov,60,9,20,13,4,3,2,0,0,0,0,0,0,0,3,1,1,3,0,0,0,0,1,1,0,0,1,0,0,0,0,0,0,Forgotten,"Explicit divergences and counterterms do not appear in the differential
renormalization method, but they are concealed in the neglected surface terms
in the formal partial integration procedure used. A systematic real space
cutoff procedure for massless $\phi^4$ theory is therefore studied in order to
test the method and its compatibility with unitarity. Through 3-loop order, it
is found that cutoff bare amplitudes are equal to the renormalized amplitudes
previously obtained using the formal procedure plus singular terms which can be
consistently cancelled by adding conventional counterterms to the Lagrangian.
Renormalization group functions $\beta (g)$ and $\gamma (g)$ obtained in the
cutoff theory also agree with previous results.",hep-th/9206028,"Ward Identities in Two-Dimensional String Theory Explicit divergences and counterterms do not appear in the differential
renormalization method, but they are concealed in the neglected surface terms
in the formal partial integration procedure used. A systematic real space
cutoff procedure for massless $\phi^4$ theory is therefore studied in order to
test the method and its compatibility with unitarity. Through 3-loop order, it
is found that cutoff bare amplitudes are equal to the renormalized amplitudes
previously obtained using the formal procedure plus singular terms which can be
consistently cancelled by adding conventional counterterms to the Lagrangian.
Renormalization group functions $\beta (g)$ and $\gamma (g)$ obtained in the
cutoff theory also agree with previous results.","Topic 5: coupling, virasoro, realisation, sigma, renormalization"
9206073,The Complete Spectrum of the WN String,"H. Lu, C.N. Pope, S. Schrans, K.W. Xu",47,7,14,12,5,3,0,0,0,0,0,0,0,1,1,2,0,0,1,0,0,0,0,0,0,0,0,1,0,0,0,0,0,Forgotten,"We write a Ginzburg-Landau Hamiltonian for a charged order parameter
interacting with a background electromagnetic field in 2+1 dimensions. Using
the method of Lund we derive a collective coordinate action for vortex defects
in the order parameter and demonstrate that the vortices are charged. We
examine the classical dynamics of the vortices and then quantize their motion,
demonstrating that their peculiar classical motion is a result of the fact that
the quantum motion takes place in the lowest Landau level. The classical and
quantum motion in two dimensional regions with boundaries is also investigated.
The quantum theory is not invariant under magnetic translations. Magnetic
translations add total time derivative terms to the collective action, but no
extra constants of the motion result.",hep-th/9206073,"The Complete Spectrum of the WN String We write a Ginzburg-Landau Hamiltonian for a charged order parameter
interacting with a background electromagnetic field in 2+1 dimensions. Using
the method of Lund we derive a collective coordinate action for vortex defects
in the order parameter and demonstrate that the vortices are charged. We
examine the classical dynamics of the vortices and then quantize their motion,
demonstrating that their peculiar classical motion is a result of the fact that
the quantum motion takes place in the lowest Landau level. The classical and
quantum motion in two dimensional regions with boundaries is also investigated.
The quantum theory is not invariant under magnetic translations. Magnetic
translations add total time derivative terms to the collective action, but no
extra constants of the motion result.","Topic 1: potential, phase, motion, find, liouville"
9206082,Quantum Hair on Black Holes,"Sidney Coleman, John Preskill, Frank Wilczek",258,11,12,8,15,20,10,7,4,4,2,2,1,5,3,5,8,4,4,5,7,4,5,5,6,11,14,6,10,14,6,12,13,Enduring,"Canonical forms are given for the nilpotent BRS operator $\d$ and the
covariant `loop space' derivative ${\cal D}_{\m}$ for the p-brane fields for
all odd p. The defining characteristic of ${\cal D}_{\m}$ is that it is a
functional derivative operator which generalizes the ordinary functional
derivative and also commutes with $\d$. Methods of construction for the
canonical forms are discussed.",hep-th/9206082,"Quantum Hair on Black Holes Canonical forms are given for the nilpotent BRS operator $\d$ and the
covariant `loop space' derivative ${\cal D}_{\m}$ for the p-brane fields for
all odd p. The defining characteristic of ${\cal D}_{\m}$ is that it is a
functional derivative operator which generalizes the ordinary functional
derivative and also commutes with $\d$. Methods of construction for the
canonical forms are discussed.","Topic 2: derivative, vertex, operator, modulus, mirror"
9207043,Representations of the holonomy algebras of gravity and non-Abelian gauge theories,"Abhay Ashtekar, C.J. Isham",410,6,13,17,16,17,20,26,13,17,17,10,12,12,10,14,15,7,15,11,14,10,15,8,10,10,14,12,10,8,10,7,7,Enduring,"As open N=2 or 4 strings describe self-dual N=4 super Yang-Mills in 2+2
dimensions, the corresponding closed (heterotic) strings describe self-dual
ungauged (gauged) N=8 supergravity. These theories are conveniently formulated
in a chiral superspace with general supercoordinate and local OSp(8|2) gauge
invariances. The super-light-cone and covariant-component actions are analyzed.
Because only half the Lorentz group is gauged, the gravity field equation is
just the vanishing of the torsion.",hep-th/9207043,"Representations of the holonomy algebras of gravity and non-Abelian gauge theories As open N=2 or 4 strings describe self-dual N=4 super Yang-Mills in 2+2
dimensions, the corresponding closed (heterotic) strings describe self-dual
ungauged (gauged) N=8 supergravity. These theories are conveniently formulated
in a chiral superspace with general supercoordinate and local OSp(8|2) gauge
invariances. The super-light-cone and covariant-component actions are analyzed.
Because only half the Lorentz group is gauged, the gravity field equation is
just the vanishing of the torsion.","Topic 4: dimension, open, ghost, gauged, spinors"
9207046,Universal Field Equations with Reparametrisation Invariance,"D.B. Fairlie, J. Govaerts",79,3,5,5,7,6,1,0,0,0,0,2,0,0,0,0,0,0,0,0,4,4,4,4,3,10,7,5,1,2,2,0,0,Forgotten,"The quantum properties of two-dimensional matter-dilaton gravity
  ---which includes a large family of actions for two-dimensional gravity (in
particular, string-inspired models)--- are investigated. The one-loop
divergences in linear covariant gauges are calculated and the structure of the
one-loop renormalization is studied. The explicit forms of the dilaton
potential, dilaton-Maxwell, and dilaton-scalar couplings for which the theory
is one-loop multiplicatively renormalizable are found.
  A comparison with the one-loop renormalization structure of four-dimensional
gravity-matter theory is given. Charged multiple-horizon black holes which
appear in the model are also considered.",hep-th/9207046,"Universal Field Equations with Reparametrisation Invariance The quantum properties of two-dimensional matter-dilaton gravity
  ---which includes a large family of actions for two-dimensional gravity (in
particular, string-inspired models)--- are investigated. The one-loop
divergences in linear covariant gauges are calculated and the structure of the
one-loop renormalization is studied. The explicit forms of the dilaton
potential, dilaton-Maxwell, and dilaton-scalar couplings for which the theory
is one-loop multiplicatively renormalizable are found.
  A comparison with the one-loop renormalization structure of four-dimensional
gravity-matter theory is given. Charged multiple-horizon black holes which
appear in the model are also considered.","Topic 5: coupling, virasoro, realisation, sigma, renormalization"
9208015,A twistor-like D=10 superparticle action with manifest N=8 world-line supersymmetry,"A.Galperin, E.Sokatchev",84,3,11,15,9,5,5,3,4,4,6,2,2,3,1,0,1,2,0,1,0,2,1,1,0,0,0,0,0,0,0,0,0,Enduring,"The divergent part of the one-loop off-shell effective action is computed for
a single scalar field coupled to the Ricci curvature of 2D gravity ($c \phi
R$), and self interacting by an arbitrary potential term $V(\phi)$. The
Vilkovisky-DeWitt effective action is used to compute gauge-fixing independent
results. In our background field/covariant gauge we find that the Liouville
theory is finite on shell. Off-shell, we find a large class of renormalizable
potentials which include the Liouville potential. We also find that for
backgrounds satisfying $R=0$, the Liouville theory is finite off shell, as
well.",hep-th/9208015,"A twistor-like D=10 superparticle action with manifest N=8 world-line supersymmetry The divergent part of the one-loop off-shell effective action is computed for
a single scalar field coupled to the Ricci curvature of 2D gravity ($c \phi
R$), and self interacting by an arbitrary potential term $V(\phi)$. The
Vilkovisky-DeWitt effective action is used to compute gauge-fixing independent
results. In our background field/covariant gauge we find that the Liouville
theory is finite on shell. Off-shell, we find a large class of renormalizable
potentials which include the Liouville potential. We also find that for
backgrounds satisfying $R=0$, the Liouville theory is finite off shell, as
well.","Topic 1: potential, phase, motion, find, liouville"
9208040,Quantizing SL(N) Solitons and the Hecke Alegbra,T.J. Hollowood,98,3,10,12,10,4,9,6,9,9,1,1,2,1,0,0,2,1,1,1,2,1,3,1,4,1,2,0,0,0,1,0,0,Enduring,"The twisted G/H models are constructed as twisted supersymmetric gauged WZW
models. We analyze the case of $G=SU(N)$, $H=SU(N_1)\times ...\times
SU(N_n)\times U(1)^r$ with $rank\ G =\ rank\ H$, and discuss possible
generalizations. We introduce a non-abelian bosonization of the $(1,0)$ ghost
system in the adjoint of $H$ and in G/H. By computing chiral anomalies in the
latter picture we write the quantum action as a decoupled sum of ``matter"",
gauge and ghost sectors. The action is also derived in the unbosonized version.
We invoke a free field parametrization and extract the space of physical states
by computing the cohomology of $Q$ , the sum of the BRST gauge-fixing charge
and the twisted supersymmetry charge. For a given $G$ we briefly discuss the
relation between the various G/H models corresponding to different choices of
$H$. The choice $H=G$ corresponds to the topological G/G theory.",hep-th/9208040,"Quantizing SL(N) Solitons and the Hecke Alegbra The twisted G/H models are constructed as twisted supersymmetric gauged WZW
models. We analyze the case of $G=SU(N)$, $H=SU(N_1)\times ...\times
SU(N_n)\times U(1)^r$ with $rank\ G =\ rank\ H$, and discuss possible
generalizations. We introduce a non-abelian bosonization of the $(1,0)$ ghost
system in the adjoint of $H$ and in G/H. By computing chiral anomalies in the
latter picture we write the quantum action as a decoupled sum of ``matter"",
gauge and ghost sectors. The action is also derived in the unbosonized version.
We invoke a free field parametrization and extract the space of physical states
by computing the cohomology of $Q$ , the sum of the BRST gauge-fixing charge
and the twisted supersymmetry charge. For a given $G$ we briefly discuss the
relation between the various G/H models corresponding to different choices of
$H$. The choice $H=G$ corresponds to the topological G/G theory.","Topic 4: dimension, open, ghost, gauged, spinors"
9208066,A naive matrix-model approach to two-dimensional quantum gravity coupled to matter of arbitrary central charge,"E. Brezin, S. Hikami",63,5,20,16,8,4,2,0,0,0,0,0,0,0,0,0,0,0,0,0,0,0,0,0,0,0,0,0,0,2,2,3,1,Forgotten,"We study the higher spin anologs of the six vertex model on the basis of its
symmetry under the quantum affine algebra $U_q(\slth)$. Using the method
developed recently for the XXZ spin chain, we formulate the space of states,
transfer matrix, vacuum, creation/annihilation operators of particles, and
local operators, purely in the language of representation theory. We find that,
regardless of the level of the representation involved, the particles have spin
$1/2$, and that the $n$-particle space has an RSOS-type structure rather than a
simple tensor product of the $1$-particle space. This agrees with the picture
proposed earlier by Reshetikhin.",hep-th/9208066,"A naive matrix-model approach to two-dimensional quantum gravity coupled to matter of arbitrary central charge We study the higher spin anologs of the six vertex model on the basis of its
symmetry under the quantum affine algebra $U_q(\slth)$. Using the method
developed recently for the XXZ spin chain, we formulate the space of states,
transfer matrix, vacuum, creation/annihilation operators of particles, and
local operators, purely in the language of representation theory. We find that,
regardless of the level of the representation involved, the particles have spin
$1/2$, and that the $n$-particle space has an RSOS-type structure rather than a
simple tensor product of the $1$-particle space. This agrees with the picture
proposed earlier by Reshetikhin.","Topic 8: spin, potential, around, related, temperature"
9209080,Coordinate and Kähler σ-Model Anomalies and Their Cancellation in String Effective Field Theories,"Gabriel Lopes Cardoso, Burt A. Ovrut",106,0,2,9,10,9,8,5,8,6,3,3,4,0,1,4,4,4,2,1,2,2,2,3,2,1,2,3,1,0,1,1,2,Enduring,"A classification theorem for linear differential equations in two variables
(one real and one Grassmann) having polynomial solutions(the generalized
Bochner problem) is given. The main result is based on the consideration of the
eigenvalue problem for a polynomial element of the universal enveloping algebra
of the algebra $osp(2,2)$ in the ""projectivized"" representation (in
differential operators of the first order) possessing an invariant subspace. A
classification of 2 x 2 matrix differential equations in one real variable
possessing polynomial solutions is described. Connection to the
recently-discovered quasi-exactly-solvable problems is discussed.",hep-th/9209080,"Coordinate and Kähler σ-Model Anomalies and Their Cancellation in String Effective Field Theories A classification theorem for linear differential equations in two variables
(one real and one Grassmann) having polynomial solutions(the generalized
Bochner problem) is given. The main result is based on the consideration of the
eigenvalue problem for a polynomial element of the universal enveloping algebra
of the algebra $osp(2,2)$ in the ""projectivized"" representation (in
differential operators of the first order) possessing an invariant subspace. A
classification of 2 x 2 matrix differential equations in one real variable
possessing polynomial solutions is described. Connection to the
recently-discovered quasi-exactly-solvable problems is discussed.","Topic 9: analogy, polynomial, matrix, hole, black"
9209105,Gravity-Matter Couplings from Liouville Theory,Jean-Loup Gervais,47,1,3,9,9,5,9,1,2,1,1,0,0,2,1,1,0,0,0,0,0,0,0,0,0,0,0,0,0,0,0,0,0,Enduring,"We construct $W_3$ null vectors of a restricted class explicitly in two
different forms. The method we use is an extension of that of Bauer et al.~in
the Virasoro case. Our results are analogous to the formulae of Benoit and
St.~Aubin for the Virasoro null vectors. We derive in the Virasoro case some
alternative formulae for the same null vectors involving only the $L_{-1}$ and
$L_{-2}$ modes of the Virasoro algebra. }",hep-th/9209105,"Gravity-Matter Couplings from Liouville Theory We construct $W_3$ null vectors of a restricted class explicitly in two
different forms. The method we use is an extension of that of Bauer et al.~in
the Virasoro case. Our results are analogous to the formulae of Benoit and
St.~Aubin for the Virasoro null vectors. We derive in the Virasoro case some
alternative formulae for the same null vectors involving only the $L_{-1}$ and
$L_{-2}$ modes of the Virasoro algebra. }","Topic 5: coupling, virasoro, realisation, sigma, renormalization"
9209126,Correlation Functions of the XXZ model for Δ<−1,"Michio Jimbo, Kei Miki, Tetsuji Miwa, Atsushi Nakayashiki",376,5,18,42,15,18,15,16,11,11,4,14,8,9,21,11,14,13,8,7,16,7,6,11,4,7,8,7,5,9,8,4,6,Enduring,"Based upon the intrinsic relation between the divergent lower point functions
and the convergent higher point ones in the renormalizable quantum field
theories, we propose a new method for regularization and renormalization in
QFT. As an example, we renormalize the $\phi^{4}$ theory at the one loop order
by means of this method.",hep-th/9209126,"Correlation Functions of the XXZ model for Δ<−1 Based upon the intrinsic relation between the divergent lower point functions
and the convergent higher point ones in the renormalizable quantum field
theories, we propose a new method for regularization and renormalization in
QFT. As an example, we renormalize the $\phi^{4}$ theory at the one loop order
by means of this method.","Topic 3: point, higgs, connected, quasitriangular, hopf"
9210107,Matrix Models and Black Holes,Sumit R. Das,38,0,12,13,5,2,0,0,0,0,0,0,1,1,0,2,0,0,0,0,0,0,0,0,0,0,0,1,0,1,0,0,0,Forgotten,"We show that an integral transform of the fluctuations of the collective
field of the $d=1$ matrix model satisfy the same linearized equation as that of
the massless ""tachyon"" in the black hole background of the two dimensional
critical string. This suggests that the $d=1$ matrix model may provide a
non-perturbative description of black holes in two dimensional string theory.",hep-th/9210107,"Matrix Models and Black Holes We show that an integral transform of the fluctuations of the collective
field of the $d=1$ matrix model satisfy the same linearized equation as that of
the massless ""tachyon"" in the black hole background of the two dimensional
critical string. This suggests that the $d=1$ matrix model may provide a
non-perturbative description of black holes in two dimensional string theory.","Topic 9: analogy, polynomial, matrix, hole, black"
9210120,Stringy Quantum Effects in 2-Dimensional Black-Hole,"Avinash Dhar, Gautam Mandal, Spenta R. Wadia",43,0,13,14,6,2,0,0,0,0,0,1,2,0,2,0,0,0,0,0,0,0,0,0,0,0,0,1,0,0,1,0,0,Forgotten,"We discuss the classical 2-dim. black-hole in the framework of the
non-perturbative formulation (in terms of non-relativistic fermions) of c=1
string field theory. We identify an off-shell operator whose classical equation
of motion is that of tachyon in the classical graviton-dilaton black-hole
background. The black-hole `singularity' is identified with the fermi surface
in the phase space of a single fermion, and as such is a consequence of the
semi-classical approximation. An exact treatment reveals that stringy quantum
effects wash away the classical singularity.",hep-th/9210120,"Stringy Quantum Effects in 2-Dimensional Black-Hole We discuss the classical 2-dim. black-hole in the framework of the
non-perturbative formulation (in terms of non-relativistic fermions) of c=1
string field theory. We identify an off-shell operator whose classical equation
of motion is that of tachyon in the classical graviton-dilaton black-hole
background. The black-hole `singularity' is identified with the fermi surface
in the phase space of a single fermion, and as such is a consequence of the
semi-classical approximation. An exact treatment reveals that stringy quantum
effects wash away the classical singularity.","Topic 5: coupling, virasoro, realisation, sigma, renormalization"
9210127,A Note on the Green - Schwarz Mechanism in Open - String Theories,Augusto Sagnotti,631,2,1,0,1,33,24,29,25,32,25,27,13,12,17,12,12,6,7,9,19,18,9,10,25,24,26,33,36,33,26,20,24,Enduring,"An interesting feature of some open superstring models in $D < 10$ is the
simultaneous presence, in the spectrum, of gauge fields and of a number of
antisymmetric tensor fields. In these cases the Green-Schwarz mechanism can
(and does) take a generalized form, resulting from the combined action of all
the antisymmetric tensors. These novelties are illustrated referring to some
simple rational models in six dimensions, and some of their implications for
the low-energy effective field theory are pointed out.",hep-th/9210127,"A Note on the Green - Schwarz Mechanism in Open - String Theories An interesting feature of some open superstring models in $D < 10$ is the
simultaneous presence, in the spectrum, of gauge fields and of a number of
antisymmetric tensor fields. In these cases the Green-Schwarz mechanism can
(and does) take a generalized form, resulting from the combined action of all
the antisymmetric tensors. These novelties are illustrated referring to some
simple rational models in six dimensions, and some of their implications for
the low-energy effective field theory are pointed out.","Topic 4: dimension, open, ghost, gauged, spinors"
9211007,Eluding the no-hair conjecture: Black holes in spontaneously broken gauge theories,"Brian R. Greene, Samir D. Mathur, Christopher M. O'Neill",207,0,2,9,10,13,10,7,8,8,4,1,5,3,5,5,3,5,1,3,2,3,1,5,5,12,6,6,7,7,9,20,16,Enduring,"We study regular and black hole solutions to the coupled classical
Einstein--Yang-Mills--Higgs system. It has long been thought that black hole
solutions in the spontaneously broken phase of such a theory could have no
nontrivial field structure outside of the horizon. We first show that the
standard black hole no-hair theorem underlying this belief, although true in
the abelian setting, does not necessarily extend to the non-abelian case. This
indicates the possibility of solutions with non-trivial gauge and Higgs
configurations decaying exponentially {\it outside} the horizon. We then find
such solutions by numerical integration of the classical equations for the case
of $SU(2)$ coupled to a Higgs doublet (the standard model less hypercharge).
  As a prelude to this work we also study regular and black hole solutions to
Einstein--Non-Abelian--Proca theory and as a postscript we briefly discuss the
important issue of stability.",hep-th/9211007,"Eluding the no-hair conjecture: Black holes in spontaneously broken gauge theories We study regular and black hole solutions to the coupled classical
Einstein--Yang-Mills--Higgs system. It has long been thought that black hole
solutions in the spontaneously broken phase of such a theory could have no
nontrivial field structure outside of the horizon. We first show that the
standard black hole no-hair theorem underlying this belief, although true in
the abelian setting, does not necessarily extend to the non-abelian case. This
indicates the possibility of solutions with non-trivial gauge and Higgs
configurations decaying exponentially {\it outside} the horizon. We then find
such solutions by numerical integration of the classical equations for the case
of $SU(2)$ coupled to a Higgs doublet (the standard model less hypercharge).
  As a prelude to this work we also study regular and black hole solutions to
Einstein--Non-Abelian--Proca theory and as a postscript we briefly discuss the
important issue of stability.","Topic 3: point, higgs, connected, quasitriangular, hopf"
9211044,Quantum Rolling Down out of Equilibrium,"D. Boyanovsky, H. J. de Vega",130,0,3,9,9,12,9,10,9,11,9,6,5,4,3,4,2,4,3,3,1,3,1,1,1,1,1,0,1,0,1,0,2,Enduring,"In a scalar field theory, when the tree level potential admits broken
symmetry ground states, the quantum corrections to the static effective
potential are complex. (The imaginary part is a consequence of an instability
towards phase separation and the static effective potential is not a relevant
quantity for understanding the dynamics). Instead, we study here the equations
of motion obtained from the one loop effective action for slow rollover out of
equilibrium.
  We considering the case in which a scalar field theory undergoes a rapid
phase transition from $T_i>T_c$ to $T_f<T_c$. We find that, for slow rollover
initial conditions (the field near the maximum of the tree level potential),
the process of phase separation controlled by unstable long-wavelength
fluctuations introduces dramatic corrections to the dynamical evolution of the
field. We find that these effects slow the rollover even further",hep-th/9211044,"Quantum Rolling Down out of Equilibrium In a scalar field theory, when the tree level potential admits broken
symmetry ground states, the quantum corrections to the static effective
potential are complex. (The imaginary part is a consequence of an instability
towards phase separation and the static effective potential is not a relevant
quantity for understanding the dynamics). Instead, we study here the equations
of motion obtained from the one loop effective action for slow rollover out of
equilibrium.
  We considering the case in which a scalar field theory undergoes a rapid
phase transition from $T_i>T_c$ to $T_f<T_c$. We find that, for slow rollover
initial conditions (the field near the maximum of the tree level potential),
the process of phase separation controlled by unstable long-wavelength
fluctuations introduces dramatic corrections to the dynamical evolution of the
field. We find that these effects slow the rollover even further","Topic 1: potential, phase, motion, find, liouville"
9211061,Finite sigma models and exact string solutions with Minkowski signature metric,A.A. Tseytlin,77,0,1,20,3,0,3,3,0,0,0,7,10,3,1,7,6,2,2,0,1,0,1,0,0,0,2,1,0,1,2,0,0,Enduring,"We consider $2d$ sigma models with a $D=2+N$ - dimensional Minkowski
signature target space metric having a covariantly constant null Killing
vector. These models are UV finite. The $2+N$-dimensional target space metric
can be explicitly determined for a class of supersymmetric sigma models with
$N$-dimensional `transverse' part of the target space being homogeneous
K\""ahler. The corresponding `transverse' sub-theory is an $n=2$ supersymmetric
sigma model with the exact $\gb$-function coinciding with its one-loop
expression. For example, the finite $D=4$ model has $O(3)$ supersymmetric sigma
model as its `transverse' part. Moreover, there exists a non-trivial dilaton
field such that the Weyl invariance conditions are also satisfied, i.e. the
resulting models correspond to string vacua. Generic solutions are represented
in terms of the RG flow in `transverse' theory. We suggest a possible
application of the constructed Weyl invariant sigma models to quantisation of
$2d$ gravity. They may be interpreted as `effective actions' of the quantum
$2d$ dilaton gravity coupled to a (non-conformal) $N$-dimensional `matter'
theory. The conformal factor of the $2d$ metric and $2d$ `dilaton' are
identified with the light cone coordinates of the $2+N$ - dimensional sigma
model.",hep-th/9211061,"Finite sigma models and exact string solutions with Minkowski signature metric We consider $2d$ sigma models with a $D=2+N$ - dimensional Minkowski
signature target space metric having a covariantly constant null Killing
vector. These models are UV finite. The $2+N$-dimensional target space metric
can be explicitly determined for a class of supersymmetric sigma models with
$N$-dimensional `transverse' part of the target space being homogeneous
K\""ahler. The corresponding `transverse' sub-theory is an $n=2$ supersymmetric
sigma model with the exact $\gb$-function coinciding with its one-loop
expression. For example, the finite $D=4$ model has $O(3)$ supersymmetric sigma
model as its `transverse' part. Moreover, there exists a non-trivial dilaton
field such that the Weyl invariance conditions are also satisfied, i.e. the
resulting models correspond to string vacua. Generic solutions are represented
in terms of the RG flow in `transverse' theory. We suggest a possible
application of the constructed Weyl invariant sigma models to quantisation of
$2d$ gravity. They may be interpreted as `effective actions' of the quantum
$2d$ dilaton gravity coupled to a (non-conformal) $N$-dimensional `matter'
theory. The conformal factor of the $2d$ metric and $2d$ `dilaton' are
identified with the light cone coordinates of the $2+N$ - dimensional sigma
model.","Topic 5: coupling, virasoro, realisation, sigma, renormalization"
9211071,Conformal Symmetry and Universal Properties of Quantum Hall States,"A.Cappelli, G.V.Dunne, C.A.Trugenberger, G.R.Zemba",120,0,5,17,6,6,4,8,6,2,1,4,3,3,5,3,1,1,1,3,1,2,1,1,3,2,4,1,4,1,5,3,2,Enduring,"The low-lying excitations of a quantum Hall state on a disk geometry are edge
excitations. Their dynamics is governed by a conformal field theory on the
cylinder defined by the disk boundary and the time variable. We give a simple
and detailed derivation of this conformal field theory for integer filling,
starting from the microscopic dynamics of $(2+1)$-dimensional non-relativistic
electrons in Landau levels. This construction can be generalized to describe
Laughlin's fractional Hall states via chiral bosonization, thereby making
contact with the effective Chern-Simons theory approach. The conformal field
theory dictates the finite-size effects in the energy spectrum. An experimental
or numerical verification of these universal effects would provide a further
confirmation of Laughlin's theory of incompressible quantum fluids.",hep-th/9211071,"Conformal Symmetry and Universal Properties of Quantum Hall States The low-lying excitations of a quantum Hall state on a disk geometry are edge
excitations. Their dynamics is governed by a conformal field theory on the
cylinder defined by the disk boundary and the time variable. We give a simple
and detailed derivation of this conformal field theory for integer filling,
starting from the microscopic dynamics of $(2+1)$-dimensional non-relativistic
electrons in Landau levels. This construction can be generalized to describe
Laughlin's fractional Hall states via chiral bosonization, thereby making
contact with the effective Chern-Simons theory approach. The conformal field
theory dictates the finite-size effects in the energy spectrum. An experimental
or numerical verification of these universal effects would provide a further
confirmation of Laughlin's theory of incompressible quantum fluids.","Topic 1: potential, phase, motion, find, liouville"
9211111,Quantum Inverse Scattering Method. Selected Topics,E. K. Sklyanin,332,2,2,7,10,5,2,4,6,6,5,7,6,6,3,17,8,8,8,9,6,12,15,21,14,20,12,19,16,14,21,9,9,Enduring,"Four lectures given at Nankai Institute of Mathematics, Tianjin, China, 5--13
April 1991 present an elementary introduction into the quantum integrable
models aimed for mathematical physicists and mathematicians. The stress is made
on the algebraic aspects of the theory and the problem of determining the
spectrum of quantum integrals of motion. The XXX magnetic chain is used as the
basic example. Two lectures are devoted to a detailed exposition of the
Functional Bethe Ansatz --- a new technique alternative to the Algebraic Bethe
Ansatz --- and its relation to the separation of variable method. A possibility
to extend FBA to the $SL(3)$ is discussed.",hep-th/9211111,"Quantum Inverse Scattering Method. Selected Topics Four lectures given at Nankai Institute of Mathematics, Tianjin, China, 5--13
April 1991 present an elementary introduction into the quantum integrable
models aimed for mathematical physicists and mathematicians. The stress is made
on the algebraic aspects of the theory and the problem of determining the
spectrum of quantum integrals of motion. The XXX magnetic chain is used as the
basic example. Two lectures are devoted to a detailed exposition of the
Functional Bethe Ansatz --- a new technique alternative to the Algebraic Bethe
Ansatz --- and its relation to the separation of variable method. A possibility
to extend FBA to the $SL(3)$ is discussed.","Topic 1: potential, phase, motion, find, liouville"
9211114,Boundary K-Matrices for the Six Vertex and the n(2n-1) A_{n-1} Vertex Models,"H.J. de Vega, A. González Ruiz",267,0,1,13,12,18,8,17,14,5,7,8,11,7,15,13,6,11,8,7,10,6,11,8,11,5,4,9,10,5,4,6,4,Enduring,"Boundary conditions compatible with integrability are obtained for two
dimensional models by solving the factorizability equations for the reflection
matrices $K^{\pm}(\theta)$. For the six vertex model the general solution
depending on four arbitrary parameters is found. For the $A_{n-1}$ models all
diagonal solutions are found. The associated integrable magnetic Hamiltonians
are explicitly derived.",hep-th/9211114,"Boundary K-Matrices for the Six Vertex and the n(2n-1) A_{n-1} Vertex Models Boundary conditions compatible with integrability are obtained for two
dimensional models by solving the factorizability equations for the reflection
matrices $K^{\pm}(\theta)$. For the six vertex model the general solution
depending on four arbitrary parameters is found. For the $A_{n-1}$ models all
diagonal solutions are found. The associated integrable magnetic Hamiltonians
are explicitly derived.","Topic 2: derivative, vertex, operator, modulus, mirror"
9212030,Supersymmetric String Waves,"E. A. Bergshoeff, R. Kallosh, T. Ortin",91,0,0,12,12,7,5,5,0,4,2,5,8,1,1,2,4,2,0,0,0,0,0,1,0,3,1,3,2,3,2,1,1,Enduring,"We present plane-wave-type solutions of the lowest order superstring
effective action which have unbroken space-time supersymmetries. They describe
dilaton, axion and gauge fields in a stringy generalization of the Brinkmann
metric. Some conspiracy between the metric and the axion field is required. We
show that there exists a special class of these solutions, for which
$\alpha^\prime$ stringy corrections to the effective on-shell action, to the
equations of motion (and therefore to the solutions themselves), and to the
supersymmetry transformations vanish. We call these solutions supersymmetric
string waves (SSW).",hep-th/9212030,"Supersymmetric String Waves We present plane-wave-type solutions of the lowest order superstring
effective action which have unbroken space-time supersymmetries. They describe
dilaton, axion and gauge fields in a stringy generalization of the Brinkmann
metric. Some conspiracy between the metric and the axion field is required. We
show that there exists a special class of these solutions, for which
$\alpha^\prime$ stringy corrections to the effective on-shell action, to the
equations of motion (and therefore to the solutions themselves), and to the
supersymmetry transformations vanish. We call these solutions supersymmetric
string waves (SSW).","Topic 8: spin, potential, around, related, temperature"
9212038,Gribov ambiguity and non-trivial vacuum structure of gauge theories on a cylinder,"E. Langmann, G. W. Semenoff",52,0,3,13,6,2,5,3,3,3,0,1,0,0,2,0,0,0,0,0,1,0,0,1,2,0,0,0,0,0,0,0,0,Enduring,"Using the hamiltonian framework, we analyze the Gribov problem for U(N) and
SU(N) gauge theories on a cylinder (= (1+1) dimensional spacetime with compact
space S^1). The space of gauge orbits is found to be an orbifold. We show by
explicit construction that a proper treatment of the Gribov ambiguity leads to
a highly non-trivial structure of all physical states in these quantum field
theory models. The especially interesting example of massless QCD is discussed
in more detail: There, some of the special static gauge transformations which
are responsible for the Gribov ambiguity also lead to a spectral flow, and this
implies a chiral condensate in all physical states. We also show that the
latter is closely related to the Schwinger term and the chiral anomaly.",hep-th/9212038,"Gribov ambiguity and non-trivial vacuum structure of gauge theories on a cylinder Using the hamiltonian framework, we analyze the Gribov problem for U(N) and
SU(N) gauge theories on a cylinder (= (1+1) dimensional spacetime with compact
space S^1). The space of gauge orbits is found to be an orbifold. We show by
explicit construction that a proper treatment of the Gribov ambiguity leads to
a highly non-trivial structure of all physical states in these quantum field
theory models. The especially interesting example of massless QCD is discussed
in more detail: There, some of the special static gauge transformations which
are responsible for the Gribov ambiguity also lead to a spectral flow, and this
implies a chiral condensate in all physical states. We also show that the
latter is closely related to the Schwinger term and the chiral anomaly.","Topic 0: gribov, ambiguity, topological, lead, analyze"
9212135,Temperature Correlations of Quantum Spins,"A.R.Its, A.G.Izergin, V.E.Korepin, N.A.Slavnov",163,0,2,6,12,5,11,12,4,8,1,9,3,5,3,11,9,8,8,5,7,2,2,3,2,1,1,2,3,5,3,10,2,Enduring,"Isotropic XY is considered. It describes interaction of quantum spins on
1-dimesional lattice. Alternatevly one can call the model XXO Hiesenberg
antiferromagnet. We solved long standing problem of evaluation of temperature
corelations. We proved that correlation function of the model is $\tau $
function of Ablowitz-Ladik PDE. We explicitly evaluated asymptotics.",hep-th/9212135,"Temperature Correlations of Quantum Spins Isotropic XY is considered. It describes interaction of quantum spins on
1-dimesional lattice. Alternatevly one can call the model XXO Hiesenberg
antiferromagnet. We solved long standing problem of evaluation of temperature
corelations. We proved that correlation function of the model is $\tau $
function of Ablowitz-Ladik PDE. We explicitly evaluated asymptotics.","Topic 8: spin, potential, around, related, temperature"
9212149,Two Dimensional QCD as a String Theory,David J. Gross,629,1,15,51,50,27,27,23,17,14,10,10,11,22,17,29,17,24,13,15,8,8,14,13,11,11,12,17,18,19,18,21,26,Enduring,"I explore the possibility of finding an equivalent string representation of
two dimensional QCD. I develop the large N expansion of the ${\rm QCD_2}$
partition function on an arbitrary two dimensional Euclidean manifold. If this
is related to a two-dimensional string theory then many of the coefficients of
the ${1\over N}$ expansion must vanish. This is shown to be true to all orders,
giving strong evidence for the existence of a string representation.",hep-th/9212149,"Two Dimensional QCD as a String Theory I explore the possibility of finding an equivalent string representation of
two dimensional QCD. I develop the large N expansion of the ${\rm QCD_2}$
partition function on an arbitrary two dimensional Euclidean manifold. If this
is related to a two-dimensional string theory then many of the coefficients of
the ${1\over N}$ expansion must vanish. This is shown to be true to all orders,
giving strong evidence for the existence of a string representation.","Topic 1: potential, phase, motion, find, liouville"
